,User,Followers
0,_b_i_o_t_e_c_h_,10576
1,_brittpearson,436
2,_georgiahurst,1041
3,_hanielaraujo,33
4,_purplebiotech,5762
5,_rodrigues_mel,41
6,_seom,28378
7,_smason,173
8,_timos_,3116
9,1994alexstuart,379
10,1abmedia,322
11,1stoncology,1542
12,4dpath,40
13,6state,10529
14,7and8biopharma,2
15,8thkingofrome,474
16,a_nourallah,623
17,a_savermd,76
18,aacosta_medmd,522
19,aafretland,637
20,aakonc,3964
21,aalloghbi,3564
22,aamdsif,3269
23,aarmstrongduke,1304
24,aaronirish,951
25,aaronjdy,1908
26,aarontallent,1031
27,abbvie,71249
28,abbvieus,8731
29,abbyleighfraser,1871
30,abcdiagnosis,17743
31,abdallah81md,1005
32,abhays623,80
33,ablate_cancer,1462
34,ablt315i,715
35,acccbuzz,4147
36,acgtfoundation,1965
37,acmoorephd,1550
38,acochran12733,2565
39,acscanga,324
40,acsnews,177037
41,actorielle,1920
42,adamfeuerstein,98467
43,adamhochron,516
44,adanzbecerra1,2229
45,adaptimmune,3466
46,adcreview,921
47,adctherapeutics,330
48,adesaimd,1465
49,aditihazra,234
50,advclinical,2668
51,advocateroma,339
52,affimed,425
53,afshineemrani,21798
54,aftimosp,4870
55,agendia,1484
56,agenus_bio,2116
57,aggregooncology,16
58,agilentdgg,4691
59,agz_eriksson,1734
60,ahernandocalvo,114
61,ahoulihan15,84
62,aiims1742,15706
63,ainhoamada,309
64,ajacobmd,103
65,ajacomemd,806
66,ajazbulbul,92
67,ajbose,590
68,ajchgt,343
69,ajmc_journal,6924
70,ajumathew_,4072
71,akeithstewart,3192
72,akoyabio,3747
73,akshjotp,57
74,alanlyssmd,254
75,alantanmd,1125
76,albertvilella,5529
77,alertonc,8
78,aliciabigica,684
79,alischram,596
80,alisonhumphrie8,34
81,aliveandkickndd,4043
82,alixcruse,591
83,alkermes,5325
84,all_hub_,292
85,alliance_org,5303
86,allisonkickel,51
87,alllaboratories,1
88,allogenetx,1642
89,almahariqmuayad,249
90,alpineimmunesci,398
91,altafmoledina,72
92,altercancercare,285
93,altislabs,17
94,alumkaljoshi,436
95,amacdowell,1467
96,amandabenner5,0
97,amandabindc,1241
98,amandanizammd,193
99,amarkelkar,2376
100,amazzonefuriosa,1495
101,ambertongpw,2022
102,amczarnecka,88
103,amercancerceo,2701
104,amerseburger,2773
105,amgen,100097
106,amgenoncology,26408
107,amibpatelmd,277
108,aml_hub,4764
109,anaclaugaldino,111
110,anamarialopezmd,1561
111,anandprabu,176
112,anantm,1769
113,anavmanana,2924
114,ancan501c3,450
115,ancora_ai,1003
116,andreaanampag,2350
117,andrewgregory,8500
118,andrewlenis,318
119,andyschmeltz,1947
120,angel189,6726
121,angela_ai_,113
122,angelodipa_,494
123,angelopga,204
124,angelqinmd,96
125,angiesteineckmd,100
126,anilkapoormd,1078
127,anjkhem,6942
128,annals_oncology,35131
129,annalynnwiliams,314
130,annelisewilhite,56
131,anselmobertetti,2102
132,ansonsnow,8
133,anthologydx,3
134,anthropunk,5015
135,antoinensaliba,569
136,anu_iris,238
137,anzgog,770
138,anzuptrials,2759
139,aparna96,115
140,apassaromd,3964
141,apccc_lugano,2413
142,aplusa_world,278
143,apolo_andrea,5207
144,apw01,526
145,apy_yadav,38
146,aravindsanjeev3,25
147,arcusbio,126
148,argosbiotech,5751
149,arirosenbergmd,132
150,arjazieh,1186
151,arjunbalarmd,1154
152,arosen380,1788
153,arquerdx,250
154,ascentagepharma,6
155,asco,120781
156,asco_pubs,32306
157,ascocancerlinq,62
158,ascopost,51287
159,ascopres,5790
160,ashclinicalnews,16920
161,ashleysumrallmd,2970
162,asipath,2793
163,aspenbio,302
164,astct,7933
165,astellasus,50750
166,astrazeneca,281590
167,astrazenecaus,80744
168,astro_org,20663
169,astrowalanmd,110
170,athenexinc,414
171,athenexoncology,1947
172,atlal_abusanad,4731
173,atoppsummit,251
174,auclairdan,2577
175,audvin,3810
176,auntminnie,33324
177,avanthc,498
178,avidresearch,8687
179,awolff,3160
180,axiomhcs,90
181,ayalapharma,770
182,aydah_alawadhi,1519
183,azadoncology,1134
184,b_wall24,503
185,babrahamuk,3785
186,bacharsamra,418
187,bairdam,3326
188,baptisthealthsf,12422
189,barnes_j_m,118
190,barrosonco,804
191,basselnazha,300
192,batistatp,512
193,batraatulmd,838
194,bccww,5673
195,bch_innovation,5828
196,bclan13,605
197,bcrfcure,19422
198,bctrials,2653
199,bdermanmd,1081
200,beckilee,1244
201,beigeneglobal,2639
202,bellisasa_,221
203,benchpressers,436
204,benjaminbessemd,4626
205,benmironmd,346
206,bensolomon1,2902
207,benthefidler,6544
208,benweinbergmd,1348
209,benwestphalen,1606
210,bergsa83,133
211,bernabecarolina,474
212,bernardafox,5230
213,berninini,1348
214,bertrandbio,7514
215,bestofoncology,252
216,bethfaiman,645
217,bettinaryll,2559
218,bewellwithsami,700
219,beyondspringinc,147
220,bhandoria,970
221,biachitiago,717
222,bigagainstbc,1869
223,bigtencrc,1774
224,bilanimd,492
225,bio_sintesis,921
226,bioascend,270
227,biocentury,12561
228,biochaser,30
229,biodesixinc,1000
230,biognosys,976
231,biopharmiq,1267
232,bioscript_group,156
233,biosimcenter,1792
234,biospark_group,78
235,biosquat,1524
236,biostocks,55613
237,biotech2050,6152
238,biotechvisigoth,851
239,biotektraderen,340
240,biotektweeter,16
241,bioworld,36078
242,bjork5,3292
243,bkenney1,2510
244,bladdercancerus,4226
245,bladdertrio,258
246,bldcancerdoc,15398
247,blfresearch,1138
248,bllphd,4817
249,bloom68508804,4
250,bluebirdbio,9574
251,blueprintmeds,2169
252,bmassutis,2540
253,bms_myeloma_us,3561
254,bmsnews,151734
255,boehringer,101277
256,bogda_koczwara,1650
257,bollamrajesh4,1221
258,boltbio,165
259,bonniejaddario,2747
260,bookslala,218
261,boutrosand,64
262,bowelsurgeon,3513
263,boylemanuela,554
264,bpiperdi,418
265,bradloncar,41917
266,brandonmahal,1897
267,brcaresponder,6205
268,breastcancerorg,20434
269,breastcaupdates,157
270,breasttexas,1451
271,breelynwilkymd,1931
272,brendonstilesmd,7233
273,brian_rini,2821
274,bridgegap1,392
275,brownmedicine,8726
276,brunobastosmd,640
277,brunolarvol,4860
278,bryanfvc96,54
279,btfoundation,1877
280,btrfly12,6360
281,btsmchat,2578
282,burrisskip,2378
283,bursatilbiotech,8689
284,bymadeleinea,4850
285,bzavaletamd,3813
286,cacowenclan,91
287,camburi,106
288,cancer_io_,747
289,cancer101,3935
290,canceradvisors,13
291,cancerassassin1,6007
292,cancercoms,11
293,cancercytopath,8210
294,cancerdocko,126
295,cancerdotnet,14388
296,cancerexpertnow,443
297,cancerhealthmag,1437
298,cancermd,4433
299,cancernetwrk,23180
300,cancernsw,6068
301,cancerresearch,26629
302,cancerresrch,5187
303,cancertrials_ie,3622
304,cancrpatientpov,1641
305,cansurvive,718
306,caonline,6774
307,capettenati,210
308,carcinoidnets,4525
309,carevive,595
310,carisls,11934
311,carmencalfa,1560
312,carol_evans_md,4289
313,carolinehusick,204
314,carthera_,458
315,caseccc,2073
316,catherine_1020,47
317,catherineomara6,176
318,cathyengmd,7762
319,caudigiervalett,4323
320,cavemom11,823
321,cbaldotto,225
322,ccalliance,14758
323,ccardiacon,519
324,ccr_aacr,2583
325,cd_aacr,5828
326,cdanicas,1811
327,cdncancertrials,1221
328,cebiotex,328
329,cejalvom,295
330,cellcentric,559
331,cellectarbio,628
332,celltelligence,39
333,cellworkslife,150
334,ceramiccrow,32
335,ch_hops,1035
336,chadinabhan,10927
337,chadmcleod,540
338,championsoncol1,22
339,chana_weinstock,610
340,chantalr,418
341,charlieheadlam,161
342,charuaggarwalmd,6872
343,chawlaneal,146
344,cheetybees,722
345,chemobrainfog,12571
346,chfloudas,614
347,chiaracrem1,320
348,chicalibrarian,1934
349,chilesresearch,1440
350,chimeric,788
351,chimoose,20633
352,chineseantibody,166
353,cholangiocarci2,143
354,chris_nahm,1047
355,chrisfriese_rn,3293
356,chrisheery,2598
357,chrisjensenmd,10
358,chrislabaki1,179
359,chrisn1368,10
360,chrispascale6,872
361,christeeny513,2421
362,christianrolfo,3207
363,christinemphmd,1647
364,chrisweemd,1307
365,chuckhemann,8339
366,chulkimmd,870
367,chunlgan,149
368,ciaraconduit,189
369,cincyphofellows,158
370,ciot_21,117
371,circulogene_bio,201
372,citybythebaby,316
373,cityofhope,31179
374,cityofhope_gu,273
375,cityofhopeoc,384
376,cjtsaimdphd,1937
377,ckimtweets,278
378,ckurpad,68
379,clairebakerses,78
380,clarahwangmd,172
381,clarivate,13336
382,clarkelow,454
383,cliffordhudis,8875
384,clinicaladvisor,3578
385,clinicalcaresol,150
386,clinicalequity,142
387,cllireland,972
388,clonoseq,949
389,cltpcalliance,466
390,cmencke,1434
391,cmicheri,113
392,coagulationad,117
393,coblh,2199
394,coffeemommy,4672
395,coherus_bio,3791
396,colazagasti,1051
397,collorduna,1048
398,coloncanada,2812
399,columbiacancer,2883
400,commsmedicine,598
401,conquercancerfd,11314
402,cor2edmeded,123
403,cornellgicancer,306
404,cornellgucancer,867
405,cortellis,4206
406,cortexyme,425
407,cosa_surviv,1208
408,cosaoncology,3183
409,cotahealthcare,795
410,covid19nccc,2067
411,covidhealthmag,38
412,cparkmd,5007
413,cphilwil,265
414,cpi_epigenetics,1270
415,cr_uk,335785
416,craigscausecan,1482
417,craigunderhill,617
418,crcchange,255
419,crcomment,539
420,creation,1358
421,creationdaniel,3881
422,crisbergerot,5038
423,cristobalmd02,1213
424,crmazars,113
425,crozrx,314
426,crukresearch,17314
427,cscancercare,711
428,cspramesh,15266
429,ctclaboratory,119
430,ctsinclair,12712
431,culminapharma,25
432,cure_magazine,24844
433,curematch,1128
434,curemelanoma,15276
435,curesarcoma,4576
436,cvshealth,63443
437,cwspeers,296
438,cyclingdoctor,1044
439,daiichisankyous,961
440,dalsassoeliza,205
441,daminidmorah,68
442,damonrunyon,4090
443,danafarber_hale,731
444,danafarbernews,2666
445,danbudwick,2923
446,danielle_file,66
447,daniellinmd,430
448,danielrich21,151
449,danno495,1714
450,dapattmd,1041
451,dapucases,772
452,dariot_,3040
453,darkishd,11
454,dataisbreaking,50
455,datmukherjee,208
456,dave6408,2507
457,davidcookemd,5837
458,davidlimmd,272
459,davidqbmuniz,196
460,davidsteensma,13536
461,davisa20,769
462,dcollinsflynn,1063
463,deannateoh,902
464,debbiemstephens,657
465,debfumagalli,458
466,deborabartonmd,159
467,deborahwbruner1,1291
468,debsetu,298
469,deciphera,551
470,declangmurphy,8600
471,dederichleda,241
472,deeplens_ai,533
473,deerbornethe,2
474,deirdreomahon14,627
475,delighted_to,263
476,dennispartners,416
477,derekaoreilly,2346
478,derosa__lisa,224
479,despinakontos,335
480,devikadasmd,4704
481,devonlcarter,481
482,df_pc,209
483,dfarberyoungcrc,605
484,dfbc_pedcare,7968
485,dfcidatascience,3065
486,dhjutsw1,2248
487,dhovekamp42,3684
488,diananrco,692
489,diegoah66,222
490,digital_ecmt,68
491,digitalhcp,589
492,dimeglio_anto,236
493,dipeshuprety4,254
494,dizdar_omd,271
495,djtliedtous,128
496,dmukherji,1027
497,doccatenacci,2142
498,docjavip,2712
499,doclhenry,1281
500,docmeetings,2799
501,docmeetingsonco,1237
502,doctorjspicer,1685
503,doctorpemm,9270
504,doggettjamie,641
505,dollybrad,588
506,dookieonthefed,162
507,doratrial,88
508,doshi1g,121
509,double_whammied,7201
510,dovepress,2712
511,dplanchard,3599
512,dr_aggen,387
513,dr_amerzeidan,5792
514,dr_ivanoncologo,1577
515,dr_m_tejani,602
516,dr_ravimadan,2255
517,dr_rshatsky,3881
518,dr_supreetkaur,76
519,dr_turk,1394
520,dra_cvillarreal,668
521,dralanburguete,903
522,drallysonocean,6923
523,dralvaropinto,2591
524,dramakanwozo,1510
525,dramatichealth,225
526,dramycomander,1363
527,drandrewrob,116
528,drattai,17758
529,drazadehnamaky,695
530,drbetofmdphd,2915
531,drbonillaonc,3172
532,drbsocialwork,329
533,drcbsteer,3318
534,drcesarcoma,1866
535,drchadb,2969
536,drchoueiri,15306
537,drchowdharymd,3140
538,drclairebrady,296
539,drdanielheng,2913
540,drdanieljhughes,463
541,drdavidmcmahon,71
542,drdonaldharvey,1445
543,drdonnarivera,121
544,drdonsdizon,11852
545,drenriquegrande,4398
546,drericwiner,3401
547,drerin_do,217
548,drewmoghanaki,5422
549,drfhidalgo,1063
550,drfmartinelli,590
551,drgandara,5931
552,drgarethmorgan1,852
553,drginsights,1385
554,drgopaliyer,62
555,drhaigentz,444
556,drhburstein,7413
557,drhealeybird,1558
558,drhilary_joyce,1831
559,drhkantarjian,2304
560,drjavallejo,627
561,drjenlim,669
562,drjennifergao,1412
563,drjnaidoo,2732
564,drjoaonunes,45
565,drjonesnauseef,516
566,drjunejd,1685
567,drkarinetawagi,569
568,drkatelurain,1046
569,drkdhoffman,15468
570,drkelseyklute,857
571,drkiwicj,656
572,drkomanduri,9594
573,drlauragoff,759
574,drlauraporter,1521
575,drlestercoll,3849
576,drlw2309,1276
577,drmarc15,108
578,drmarkawad,1077
579,drmarkham,7216
580,drmatasar,4159
581,drmeredithgt,1244
582,drmiguelperales,14856
583,drmmurphy,3122
584,drmonalipatel,46
585,drn_cancerpcp,1939
586,drnikitamehra,5806
587,drpaulydesantis,4962
588,drpeterlau,225
589,drpetetobin,213
590,drr_dunne,2248
591,drraddz,35
592,drrajvtiwari,102
593,drriyazshah,3174
594,drronankelly,232
595,drs_henderson,138
596,drsabha,2801
597,drsalazarmejia,784
598,drsam,2779
599,drsanjaypopat,5145
600,drsarahsam,873
601,drsayedali,199
602,drscotttagawa,1924
603,drsgraff,10860
604,drshubhampant,683
605,drsomedeb,129
606,drstevemartin,2642
607,drtclay,1298
608,drteplinsky,1251
609,drtylerstewart,213
610,drug_smolecules,4493
611,drug_topics,13017
612,druppaluri,504
613,druryal,1042
614,drwinkfield,2779
615,dryukselurun,1504
616,drzakoncology,104
617,drzarifhakim,32
618,drznahleh,713
619,dsmgyo,1167
620,dtrfoundation,817
621,duaakanan21,124
622,duemed,1761
623,duiliorocha_onc,714
624,dukecancer,15334
625,dytcmd,3709
626,dzusack,185
627,e_de_azambuja,2209
628,eau_uroonco,3333
629,ecancer,15891
630,eclinicalmed,5486
631,ecmc_uk,2819
632,eddysyang,290
633,edleecarter,436
634,ednathanson,4131
635,eduhor82,1060
636,efrenbolivar,3330
637,egfrresisters,3014
638,egfrsummit,534
639,ehealthtec,1061
640,eibhlinmulroe,2007
641,eiger_daniel,708
642,eileencurl,25
643,eiman_md,142
644,einatshacham,73
645,eisaius,5777
646,ej23ny,541
647,eladsharonmd,2206
648,elena_colombo_o,88
649,elioratesfaye,728
650,elisa_bandera,630
651,elisaagostinett,680
652,elizabethprsic,557
653,elizsmckenna,5124
654,ellokgr,361
655,elmayermd,2742
656,elsafcrc,100
657,elysegellerman,77
658,emilyjonczak,182
659,emilymcmack,453
660,emittendorfmd,2253
661,emoriartywade,8519
662,endpts,17956
663,enriquesoto8,5948
664,eortc,12358
665,epizymerx,2884
666,eqrxinc,1099
667,erikahamilton9,5720
668,erinsandersnp,6966
669,erleneseymour,128
670,erplimackmd,6049
671,esanzgarcia,209
672,eschattner,18140
673,eschultzie,90
674,esinghimd,808
675,esragbilir,1161
676,esukharevsky,26
677,ethanbasch1,1887
678,ethanhoag,22
679,ethereal01_su,16
680,eugeneahn,496
681,eugenemanley,204
682,evaluatepharma,6156
683,evaluatevantage,6782
684,evanhallmd,841
685,exactsciences,5057
686,excel_odds,1865
687,exelixisinc,5652
688,exon20group,660
689,expertethereum,5
690,exumabiotech,37
691,eyoste,2345
692,ezrahahn,309
693,ezucca,95
694,fabiogomes_go,450
695,fabioschutz78,3074
696,faithzhangmd,459
697,faltaslab,4369
698,fandremd,6400
699,fatimakarzai,909
700,fdaoncology,25988
701,fdimitrioumd,26
702,feedkastcharles,306
703,felipegaliza,909
704,fernandoonco,796
705,fgrazz,1292
706,fiercebiotech,90374
707,fightcrc,11497
708,filipalynce,507
709,filipjankumd,967
710,filippopietran4,379
711,finn_corinne,3302
712,fireflyann,887
713,fischmd,21525
714,fjcarmonas,2320
715,flatironhealth,10473
716,flinnjp,41
717,fnih_org,3902
718,fogaccijoao,336
719,fordepatrick,1966
720,foresightdx,72
721,formainc,1027
722,foundationatcg,9403
723,foundationgono,29
724,foxchasecancer,14803
725,fpizart,180
726,fr_hossain,4808
727,fredhutch,33786
728,fridman_mary,5
729,fumikochino,6441
730,funchainmd,1732
731,funstocks1,642
732,futuredocs,39786
733,fwhealthtech,1557
734,fwpharma,51347
735,g_develasco,5359
736,g1therapeutics,1169
737,gabe_a_brooks,1441
738,gadotmoran,25
739,gaiagriguolo,244
740,gandhi_shipra,108
741,garridolagunamd,471
742,gary_lyman,5312
743,garyleethompson,1721
744,gastriccancerfd,1067
745,gatinhofidel,3
746,gavinpjonesmd,1383
747,gbanna74,909
748,gbg_forschung,263
749,gdutchermd,79
750,geneeditingde,494
751,genentech,120647
752,geneonlinenews,4606
753,genetherapylive,125
754,genmab,1819
755,genoceabio,1566
756,genomejunkie,1190
757,georgeb14941177,2874
758,georgesledge51,2683
759,georgiomedawar,74
760,gerald_goh,886
761,gerkivan,59
762,ggiannarini,1587
763,gicancerdoc,3478
764,giconnectinfo,964
765,gileadsciences,68121
766,gillsharlene,1127
767,ginacolumbusonc,1549
768,ginursesconnect,167
769,gitasuneja,1799
770,giulianarancic,2995885
771,glitzamdphd,353
772,globaloncpod,982
773,globalradonc,2372
774,globeseek,791
775,glopesmd,32940
776,gmcrotty,27784
777,go2foundation,9206
778,goa_cme,140
779,gog,661
780,gohealio,5019
781,gossamerbio,341
782,grantwilliamsmd,1506
783,graokane,464
784,grasptweets,1182
785,gretell_hs,607
786,grpetersen1,3708
787,gsanches_onco,155
788,gsk,225108
789,gsk_au,3459
790,gskus,95414
791,gt_budd,204
792,gu_onc,1096
793,guardanthealth,4606
794,guconnectinfo,490
795,gunursesconnect,114
796,guptaarjun90,5589
797,gustaveroussy,17119
798,gusviani,86
799,gvhd_hub,2034
800,gwha_cme,169
801,gwsmhs,7819
802,gyasisamilia,478
803,gyncsm,5419
804,h_n_c_i_g,663
805,hadidisamer,707
806,hagsie,3405
807,hallemooremd,523
808,halletjulie,3126
809,hamidemamekhoo,225
810,hamidmd10,138
811,hannahalison20,401
812,hannahshalini,39
813,harriseve,1328
814,hashemyounes,49
815,hcc_hemecancer,714
816,hcioncology,54
817,healthbook_ch,673
818,healthcorerwe,911
819,healthhashtags,9420
820,healthimaging,17714
821,healthpolicyptp,462
822,healthtechnerd,13
823,healwritenow,3144
824,heatherahannon,697
825,heberreyesom,646
826,heekemd,56
827,helixbiopharma,232
828,hemeconnect,349
829,hemedoc,4974
830,hemetwuu,22
831,hemoncfellows,766
832,hemoncq,655
833,hemonctoday,11100
834,hemoncwarner,1777
835,hemucsd,136
836,hennessymaeve,318
837,henryjoncology,1192
838,herbloong,1916
839,hfuentesbayne,679
840,hhammersmd,3271
841,hillstirsci,1485
842,hindrafei,1060
843,hirasmian,364
844,hkennecke,726
845,hld_calgary,214
846,hlomas4,1034
847,hmaeng,271
848,hmcarthur,1410
849,hmethodistmd,1346
850,hnopdfci,482
851,hnsurgeon,2793
852,hongtruongmd,247
853,hookipapharma,447
854,hoosiercancer,768
855,hoparx,1761
856,hosct_journal,639
857,hosseinborghaei,2905
858,hrwhealthcare,773
859,htawbi_md,928
860,htezcanmd,144
861,huntsman_gu,275
862,hwakeleemd,2313
863,iainframe,900
864,iaslc,12030
865,ibcresearch,1949
866,ibrahimazaronc,268
867,ibrahimsahinmd1,555
868,icahnmountsinai,22028
869,icr_london,18586
870,icro_meattini,831
871,icrpartners1,479
872,ideagoras,4557
873,ideohematology,6
874,ideologyhealth,10
875,ideooncology,183
876,ihepatology,1007
877,ijmpoofficial,1365
878,ilanaschlam,288
879,illinoisbiotech,1328
880,im_your_gent,4840
881,iman_elhariry,569
882,imfmyeloma,13452
883,imfsupport,1978
884,imiitaliano,53
885,immunocore,2645
886,immunomix,886
887,immutep,1749
888,in8bio,121
889,inas_md,2678
890,incyte,5830
891,indefatigabl_,1671
892,indian__doctor,1140
893,indica_labs,730
894,indranilsays,615
895,intcitizens,2519
896,integrityce,224
897,intinsurance,1887
898,intraop_medical,180
899,intrinsiqspec,270
900,invitae,12002
901,invivoscribe,491
902,ionpathofficial,213
903,iovancebio,376
904,ipsengroup,5254
905,ipsenus,879
906,iqvia_biotech,4157
907,iqvia_global,12882
908,iqvia_institute,1844
909,irishlungcancer,140
910,ironmanregistry,346
911,ironorehopper,896
912,isaac2199,3417
913,ishwariamd,7140
914,italgal22,210
915,itneditor,2849
916,itsnot_pink,4346
917,iuriasantana,12
918,ivybelkins,3354
919,ivybraintumctr,3109
920,ivylorena_md,977
921,ivyradoncmd,2019
922,j_saitta,446
923,jackmaiello,1495
924,jackwestmd,18502
925,jacobplieth,17167
926,jacqueline4242,86
927,jags54329,94
928,jaleh_fallah,224
929,jalivingston_md,1332
930,jaltmanmd,1079
931,jamanetwork,8986
932,jamecancerdoc,6136
933,jamesbatesmd,806
934,jamouabbi,537
935,janakirammurali,562
936,janehses,1351
937,janicetnbcmets,967
938,janssenemea,8997
939,janssenglobal,12686
940,janssenus,19690
941,jardim_denis,334
942,jasminesukumar,298
943,jasonbrownmdphd,62
944,jasonlukemd,5026
945,javiercortesmd,710
946,jaypsv,460
947,jayrughani,1171
948,jazzpharma,2234
949,jbrosnancashman,135
950,jbuell01,861
951,jcbriscoe1,746
952,jcragostini,5470
953,jdoningtonmd,1336
954,jeamessailor,1639
955,jeff_cranmer,1561
956,jeff_janssenonc,4
957,jeffcaomdmba,363
958,jeffyoriomd,99
959,jennifercking,543
960,jenniferrrider,733
961,jenniferrsouth1,88
962,jennpaganelli,806
963,jenschwartziusm,220
964,jenseligmann,468
965,jesper_dpj,0
966,jessicahawleymd,502
967,jesusanampa,7726
968,jfreemandaily,5519
969,jghoggatt,1271
970,jhaveri_komal,999
971,jhillengass,375
972,jillfeldman4,3806
973,jimgweiss,3275
974,jineshgheeya,1159
975,jitcancer,2885
976,jmsuga,52
977,jnccn,4786
978,jnjinnovation,31201
979,joana_ut,672
980,joanmonte,533
981,joaquinjcabrera,1795
982,joetonto99,7
983,johncendpts,57898
984,johnpleonardmd,6522
985,johnvoyler,134
986,jonmarronmd,1259
987,jonmizrahi,177
988,jordanvines_,112
989,josemarciofigu1,2570
990,josephbiot,46
991,josephcmurray,582
992,journalcancer,24955
993,joygates19,16
994,jpatelmd,822
995,jpritchettmd,107
996,jq1234t,7564
997,jrgralow,8501
998,jryckman3,1134
999,js_lacey,915
1000,jsoriamd,13145
1001,jsparano,1052
1002,jtrentmdphd,4283
1003,juanma19712012,273
1004,julefranve,191
1005,julialaikwon,408
1006,julian_hong,1106
1007,juliarotow,73
1008,julienmazieres,2444
1009,junmaomd,701
1010,juntangbiotech,967
1011,jvpr_ny,2188
1012,jwatch,41828
1013,jza919,40
1014,kadrinwilfong,1558
1015,kamacintosh,886
1016,kamarrone,442
1017,kanandabarrons,216
1018,kargerhcp,445
1019,karlahemato,716
1020,karmaoncology,117
1021,kartosthera,53
1022,kasezero187,394
1023,katcrios,238
1024,kathygately1,287
1025,katieridd,2297
1026,katsuakimaehara,1312
1027,katypiddock,559
1028,kaushalpar,392
1029,kdrichardson924,1167
1030,kelly_archives,1510
1031,kelly_blaney,188
1032,kellyborgesara2,134
1033,kellymercierph1,316
1034,kellymezamd,502
1035,kempenls,842
1036,kenriquez_,85
1037,kevinpunie,1515
1038,kferg86,1708
1039,kgsindhu,140
1040,kidlington,1554
1041,kidneycan,1022
1042,kidneycancer,9172
1043,kidneycancerj,1091
1044,kidneycancers,3298
1045,kimberlyloomd,99
1046,kimmelcancerctr,9828
1047,kimmiengmd,1098
1048,kimrynrathmell,3295
1049,kippweiskopf,512
1050,kirstengoldberg,754
1051,kitepharma,4187
1052,klempnersam,926
1053,kmilehammd,522
1054,know_aml,2708
1055,knowyournodes,3906
1056,knwachter,1321
1057,koheishitara,677
1058,komodohealth,1403
1059,koontzoncology,2469
1060,koshkin85,714
1061,kpdor,2724
1062,kraskickers,1566
1063,krebs_matt,5219
1064,krish09254884,0
1065,kristenciombor,747
1066,kspencer725,48
1067,kucancercenter,5054
1068,kunaldesaimd,720
1069,kuraoncology,580
1070,kwokleungcheung,268
1071,lab_kok,269
1072,lab_pearson,473
1073,labionetwork,383
1074,labpulse1,347
1075,laceyjudith,724
1076,laerciolopesmd,513
1077,laineydr,6
1078,lanademd,6
1079,lancetrespirmed,20155
1080,larrybuie,681
1081,larvol,1162
1082,latinamd,2601
1083,laura_biga,38
1084,laurabukavinamd,806
1085,lauragrahammd,94
1086,lauramakaroff,213
1087,laurenbyersmd,1037
1088,laurenmachos,350
1089,laurenriley183,1273
1090,laurenyoung,35738
1091,lazarexcf,3208
1092,lcinitiativenc,1046
1093,lcnoteware,34
1094,leandrojonatad1,410
1095,leciasequist,7616
1096,leejonesmba,403
1097,legendbiotech,417
1098,leglesszebra,1059
1099,lemmononc,53
1100,lenetownlegend,131
1101,leonidasplatan1,2611
1102,letswinpc,6027
1103,levinecancer,1103
1104,lewpharmd,331
1105,lexiuning,325
1106,lfonkoua,528
1107,lgerratana,441
1108,lgists1,85
1109,lglimchermd,3824
1110,lgreco_ny,1537
1111,lguzzardim,7050
1112,lillymedical,5156
1113,lillymedicalca,68
1114,lillypad,130822
1115,lin_ling_88,3206
1116,linda_e_carlson,4480
1117,lindamileshkin,853
1118,lingwong,1269
1119,liquidbioteam,211
1120,lisa_townsend_,976
1121,lisadtrice,1211
1122,lisaljiri,13
1123,livingbeyondbc,12918
1124,liz_htx03,52
1125,lizcancerhealth,1990
1126,ljsheridan,153
1127,lmc_pacientes,719
1128,lobularbca,1220
1129,loconte,2028
1130,loganroofmd,186
1131,loisher,1971
1132,loncarfunds,1363
1133,lorenzarimassa,786
1134,lori_burwell,1175
1135,loyolaonc,387
1136,lpseattle,435
1137,ltbioinvestor,15552
1138,lucadezzani,2469
1139,lucencehealth,89
1140,luiscb_medpharm,150
1141,luismezaco,380
1142,lukevitzthum,281
1143,lungcancereu,1002
1144,lungevity,32065
1145,lungmap,856
1146,luriecancer,7919
1147,lustgartenfdn,7341
1148,lym_mm_connect,952
1149,lymphoma_doc,5269
1150,lymphomahub,6016
1151,lymphomation,3029
1152,lyndaweatherby,604
1153,lynnhenrymd,176
1154,m_jefford,980
1155,m_tagliamento,396
1156,m3indiaoncology,324
1157,mabelonc,176
1158,maenabdelrahim,130
1159,magentatx,2388
1160,maherjane,3862
1161,majbaxter,280
1162,malefitness,2142
1163,malloryahern1,237
1164,mallorymcclen,172
1165,mammamiamagazin,1234
1166,manalipatelmd,507
1167,manjuggm,1155
1168,mannyvacchiano,38
1169,mansoluigi,578
1170,manueldomine,1177
1171,marcelocorassa,682
1172,marcjacksonla,1734
1173,margaretwalker_,62
1174,mariadiab101,460
1175,mariambird,1010
1176,marietajurgal,1800
1177,marklewismd,54831
1178,marktflemingmd1,29
1179,markyarchoan,666
1180,marlowe_tessmer,206
1181,marounbouzerdan,736
1182,martha__carlson,1853
1183,martin_angelmd,1139
1184,martinapaulech,18
1185,martinedagen,46
1186,martinreck2,428
1187,marwanalhajeili,11634
1188,marxk,563
1189,maryam_lustberg,5063
1190,maryjofidlermd,438
1191,marzia_delre,403
1192,masonisraelphd,296
1193,massimodimaio75,2141
1194,massivebio,1349
1195,matteolambe,5490
1196,matthew_hobbs,292
1197,matthew2d,59
1198,matthewherper,105449
1199,matthewhsimmons,407
1200,matthewzachary,6167
1201,mattulricksonmd,511
1202,mattzibelman,243
1203,maverickny,17941
1204,mawjnj,434
1205,mayocancercare,8371
1206,mayoclinic,2027773
1207,mazeraski,2122
1208,mcristofanill,1489
1209,mcrouse53,787
1210,mdandersonnews,116893
1211,mdankner,301
1212,mdbosserman,331
1213,mdedgehemonc,6987
1214,mdedgepsych,46075
1215,mdedgetweets,8129
1216,mdmanishshah,1942
1217,mds_hub,512
1218,medcitynews,32542
1219,medhavigupta09,268
1220,medidata,11121
1221,mediqcme,660
1222,medoncdoc,442
1223,medpageonco,518
1224,medpagetoday,73141
1225,medresjourno,3253
1226,medscape,222233
1227,medscapeendo,8865
1228,medscapeneuro,37911
1229,medscapeobgyn,12918
1230,medscapeonc,33465
1231,medscapepharm,21526
1232,medscapepsych,34841
1233,medscapestudent,33427
1234,medscapesurgery,5641
1235,medtechnow_,413
1236,medwirenews,2100
1237,meenasadapsmd,162
1238,megmusante,1341
1239,megtirrell,91076
1240,mei_pharma,330
1241,melanomaaus,6032
1242,melanomawa,420
1243,melid32,1244
1244,melissaloh21,1530
1245,melpalmd,573
1246,mena_veroh,33110
1247,merck,210041
1248,meredithhkruse,232
1249,merregan,492
1250,merusnv,109
1251,mghcancercenter,6570
1252,mgus_info,189
1253,mi_onc,170
1254,michaellapelusa,223
1255,michaelzinnermd,450
1256,michelle_cruk,6319
1257,mickgrant,171
1258,microbiome_net,316
1259,mikalche,13561
1260,mike_matthew,2346
1261,mikefootemd,285
1262,miljko,2524
1263,millionweaver,904
1264,mimoradnalinka,170
1265,misralko,96
1266,mizmilner,31
1267,mjanelsins,429
1268,mjohnkennedy19,122
1269,mkhasraw,298
1270,mklugmann,18
1271,mknoll_md,8054
1272,mljohnsonmd2,2155
1273,mlponcodata,331
1274,mm_hub,4892
1275,mm_oncology,1638
1276,mmarchioneap,11951
1277,mmarmarelis,813
1278,mmeatock,430
1279,mmmariepharmd,61
1280,mnallicheri,175
1281,moffittnews,15888
1282,mohanaroy1,271
1283,mohty_ebmt,10344
1284,monicar90,118
1285,monikajoshimd,272
1286,montypal,9857
1287,moohosny,1370
1288,moritzbindermd,176
1289,mosheornsteinmd,1608
1290,mountsinainyc,86568
1291,moyhararit,138
1292,mpdrc,3414
1293,mpn_hub,964
1294,mpn_rf,1985
1295,mrcctu,3408
1296,mrfcureom,2147
1297,mroth_md,488
1298,msd_switzerland,738
1299,mshadman,1187
1300,msheenmd,114
1301,msk_integrative,801
1302,msk_radonc,2155
1303,mskrasovitsky,156
1304,msollender,7874
1305,msuppli,601
1306,mtmdphd,21735
1307,munizthiago,826
1308,muntheloon,173
1309,mvalliance,1003
1310,mvgutierrezmd,10565
1311,myaccesshope,117
1312,myelomauk,6741
1313,myesmo,51166
1314,myriadgenetics,6330
1315,myriadoncology,1094
1316,myriamchalabi,235
1317,mzugman,32
1318,n8pennell,10964
1319,nabbscreekgnome,391
1320,naborala,2442
1321,nagisaghir,1815
1322,naglaakarimmd,1092
1323,nanets1,1167
1324,nanobiotix,3806
1325,naounnatacha,140
1326,narjustdumamd,14246
1327,nasca_vincenzo,71
1328,natale_ca,470
1329,natashadhawanmd,1188
1330,nateraoncology,1806
1331,nathreagan,312
1332,natrevclinoncol,27892
1333,naturemedicine,252387
1334,navasiegelmann,41
1335,navcancer,10070
1336,navstruck,166
1337,navyacare,1229
1338,nazlidizman,2921
1339,nbccstopbc,5680
1340,ncicancerctrl,52579
1341,ncictep_clinres,2401
1342,nciepitraining,8386
1343,nciresearchctr,13664
1344,ncitreatment,4047
1345,ncri_partners,9241
1346,ndenduluri1,3410
1347,ndorey5,31
1348,neerajaiims,7412
1349,neeta_md,47
1350,nejm,840947
1351,nelimulrich,1338
1352,neogenomics,1859
1353,net_connectinfo,552
1354,netavya,76
1355,nevitdilmen,1266
1356,newsgeneration,1498
1357,ngoelmd,399
1358,nicholasblondin,1075
1359,nickmarcouxmd,284
1360,nicolaszhoudo,25
1361,nicole_o_w,213
1362,nicoleecaston,12
1363,nicolefleege,83
1364,nicolejacobi4,29
1365,nicolekuderer,6576
1366,nicolobattisti,1228
1367,nidaa_khann,58
1368,nienkedeglas,383
1369,nightingalesurg,793
1370,nimasharifimd,2759
1371,ninashah33,3598
1372,nirajgusani,12817
1373,nishihori,167
1374,nitinjainmd,2731
1375,niusanford,2184
1376,nixon786,1053
1377,nlinmd,893
1378,nnnaabaa,60
1379,nocc_national,10556
1380,nohasharafeldin,177
1381,normandblais,953
1382,northtxmsg,2239
1383,novartiscancer,28627
1384,novartisindia,2061
1385,novartisnews,6715
1386,nrgonc,5607
1387,ns_chd,702
1388,nstachen,453
1389,ntrikalinos,377
1390,ntrkconnectinfo,552
1391,ntrkers,556
1392,nurskaly,271
1393,nycdoc29,683
1394,obrtweets,1052
1395,ocean_genomics,119
1396,ocrahope,2578
1397,offscripmedia,557
1398,okamototodd,43
1399,olemaoncology,150
1400,olivam_onc,279
1401,omarabughanimeh,224
1402,ome_residentmd,1151
1403,omidhamidmd,3474
1404,onc_pa,360
1405,onced,5553
1406,oncelias,847
1407,onclive,28569
1408,oncnursingnews,9229
1409,oncoalert,17660
1410,oncoamericas,51
1411,oncoassist,1944
1412,oncoblogger,1103
1413,oncogerard,147
1414,oncoinfo_it,3986
1415,oncojournalclub,35
1416,oncolisa,256
1417,oncologician,3817
1418,oncology_bg,10762
1419,oncologyadvance,19779
1420,oncologycentral,4573
1421,oncologyforum,4411
1422,oncologynewsaus,1820
1423,oncologynewspro,142
1424,oncologyrep,36
1425,oncologyrounds,94
1426,oncologysupport,2980
1427,oncologytimes,47540
1428,oncologytube,14989
1429,oncomyx,52
1430,oncopeptidesus,1465
1431,oncopolmoneieo,346
1432,oncoramed,433
1433,oncotypeiq,1205
1434,oncoviews,999
1435,oncozine,682
1436,onealcanceruab,3941
1437,oneoncology,1543
1438,ontadaoncology,126
1439,ontargetlabs,212
1440,ophirag,5221
1441,oreganruth,700
1442,osamarahma2,704
1443,otavioclark,474
1444,othman_salim,851
1445,oupmedicine,7637
1446,outcomes4me,936
1447,ovarcome,2126
1448,owkinscience,2385
1449,oxanalyst,1622
1450,pamchmd,884
1451,pamelakunzmd,5407
1452,pancan,22811
1453,pancan_sanfran,51
1454,pancanboston,1614
1455,pancancentralfl,990
1456,pancancercanada,3643
1457,pancanmonica,565
1458,pankajpanda86,313
1459,parkerici,9167
1460,pashtoonkasi,5988
1461,paspears88,1259
1462,patient_story,295
1463,patrici03783690,1
1464,patrickcma1,1026
1465,patrickhwumd,1345
1466,patsyhinson,390
1467,paul_geneuity,11
1468,paulamulvenna,656
1469,paulfetton,1717
1470,paulinebean23,82
1471,paulkellyie,1366
1472,paulswansen,4969
1473,pavelkokatie,80
1474,pawel_sobczuk,331
1475,payamkashimd,2128
1476,pblanchardmd,2528
1477,pc3innovation,234
1478,pcf_science,3630
1479,pdrennert,5490
1480,pearlf,5889
1481,pedroexman,86
1482,peerview,3323
1483,pennmdforum,5208
1484,pennmednews,10240
1485,persian1010,47
1486,persimmonti,4741
1487,pestanarc,1188
1488,peterhoseinmd,748
1489,petermaccc,10463
1490,petra_jankowska,727
1491,pezaro_c,456
1492,pfizer,436911
1493,pfizercongress,3836
1494,pfizeroncmed,4575
1495,pgrivasmdphd,7910
1496,phari,1686
1497,pharm2market,174
1498,pharma_jonpi,1645
1499,pharmacy_times,77178
1500,pharmacyclics,1201
1501,pharmaphorum,21595
1502,pharmaprodigy,1469
1503,pharmatopnews1,14
1504,pharmdabbler,941
1505,pharmdeetinib,675
1506,phosplatin,12
1507,physiomics,874
1508,pieschelab,2276
1509,pinheirodap,33
1510,pipcosper,2254
1511,pitthemeonc,335
1512,platformqhealth,375
1513,pliantrx,232
1514,poggio_fra,292
1515,polackski,38
1516,porteralyx,819
1517,ppdcro,10730
1518,ppisters,7962
1519,practiceupdate,3980
1520,prat_aleix,5049
1521,pratt_ed,1473
1522,pre_rad,4338
1523,precisionbiosci,1020
1524,precisionrx,231
1525,preludedx,107
1526,priscilabcmd,394
1527,prof_iand,2341
1528,profasifahmed,2642
1529,profbigg,553
1530,profevasegelov,634
1531,profghjackson,2781
1532,profglongmia,1777
1533,projectbreath,934
1534,prosca_nurse,756
1535,prp_diciaccio,65
1536,psumarydom,20
1537,ptarantinomd,2547
1538,pukarathe_gans,102
1539,pumabiotech,59
1540,puneetsinghmd,1432
1541,pwheatleyprice,753
1542,quintanilhajcf,46
1543,quirogad,304
1544,qxmd,5198
1545,raalbany,966
1546,rachelsanbornmd,359
1547,rachnatshroff,2051
1548,rad_nation,5802
1549,radioligand,355
1550,rafaelabduch,190
1551,rahulbanerjeemd,1568
1552,raj_gauba,553
1553,rajatraj,131
1554,ramalingammd,3681
1555,raminassabein,166
1556,ramsedhom,1129
1557,ramyathota1,248
1558,ranadvocate,499
1559,random_mommy,37
1560,rashidlui,4641
1561,rasushrestha,33040
1562,raulmarquez_mda,228
1563,ravi_b_parikh,1663
1564,ravikanesvaran,482
1565,ravinratan,629
1566,rcarvalhoonco,1854
1567,rdoebele,2699
1568,rdtiecher,196
1569,reachmd,2410
1570,realbowtiedoc,1274
1571,realchemistry_,5779
1572,realdrgabriel,439
1573,reammolly,191
1574,recentiprogmed,581
1575,redditrocker,29
1576,reema_patelmd,171
1577,reesefcrc,904
1578,reflexionmed,1111
1579,renalandurology,13094
1580,renata_bonadio,493
1581,renate_goforit,584
1582,reshma20201,24
1583,retpositive,486
1584,reuters_health,256550
1585,rhydburgglobal,1
1586,richpaxman,1436
1587,rick_villalobos,1212
1588,rielymd,3447
1589,rigamontclaudia,113
1590,rkouzymd,896
1591,rleonferre,725
1592,rmanochakian,350
1593,roche,232232
1594,roche_navify,472
1595,rochgerionc,2601
1596,rodriguezgimd,589
1597,rodrosb,2144
1598,rogerkimmd,231
1599,roisinmconnolly,960
1600,rollinopi,2265
1601,rony_pedro,397
1602,roswellpark,18784
1603,royalmarsden,23361
1604,royalmarsdennhs,8830
1605,rpachynski,282
1606,rpallc__,26
1607,rsm2800,14829
1608,rubius_tx,1307
1609,rucancerprevres,259
1610,rueschcenter,2735
1611,runciecwc,6472
1612,russellpetty19,314
1613,rutgerscancer,2737
1614,rutgersghi,1233
1615,rwilliams_msk,256
1616,ryangentzler,327
1617,ryanhuey,1523
1618,s_brond,778
1619,saadvikdr,291
1620,safe365ca,1210
1621,sahelisadanand,1010
1622,saima_hassan,52
1623,saimedpartners,205
1624,sajconline,129
1625,sakispalbio,44
1626,salariuspharma,917
1627,salemgioncdoc,1106
1628,salgifoundation,1910
1629,salingpusalang,360
1630,samdavisesq,434
1631,samlubner,687
1632,samuelcbonilla,5
1633,sanamloghavi,5753
1634,sandisues,389
1635,sandycassanelli,163
1636,sanofi,141897
1637,sanofigenzyme,58962
1638,sanz_guille,2273
1639,sarah_c_hopkins,207
1640,sarahcannondocs,2668
1641,sarahdwald,1135
1642,sarahjmahmd,188
1643,sarahkarlin,15181
1644,sarahlouden4,52
1645,sarahpasscgc,52
1646,sarahsewar,145
1647,sarcomaconnect,395
1648,saurabhsewak,43
1649,saveyourskinfdn,2394
1650,sawyerslabmskcc,492
1651,sayehml,70
1652,sayililli,37
1653,scalpcooling,1897
1654,scaltritilab,7255
1655,scholar812,141
1656,scholarrock,395
1657,schroersmartin,201
1658,scienceatbms,16209
1659,scienomicsgroup,66
1660,scooperpr,1101
1661,sdbn,7380
1662,seagenglobal,4313
1663,seanseanv,11
1664,seattlecca,17341
1665,sebasole,1230
1666,seigomaeda,570
1667,sekkathveedu,96
1668,sema4,3073
1669,semodough,31512
1670,sentivcapital,8517
1671,seqcomplete,4054
1672,serestx,1775
1673,servierpharma,399
1674,sfbionetwork,1036
1675,shaalanbeg,5494
1676,shakekumarmd,380
1677,shannonwestin,3992
1678,shari90197270,8
1679,sharonnahm,65
1680,sheparddale,2485
1681,sheri_hussain,354
1682,shikhajainmd,9235
1683,shilpaonc,3396
1684,shimaghavimimd,865
1685,shivan_awasthi,63
1686,shomidha,556
1687,shrutipatelmd,3064
1688,shuchigulati,740
1689,silasinman,785
1690,siliconbio,766
1691,silke_gillessen,965
1692,silke4senate,1294
1693,silvana_loli,1091
1694,simeonrgreene,911
1695,simon_p_kim,3577
1696,simple_trials,458
1697,sinead_toomey,883
1698,single_shot,2220
1699,sitcancer,13271
1700,siwenonc,349
1701,skabrajimd,244
1702,skamath_md,1578
1703,skenkaremitra,39
1704,slentzsch,2215
1705,sleotin,4075
1706,sloan_kettering,89260
1707,smalgarra,333
1708,smalveira23,149
1709,smarkovina2,326
1710,smbenlazar,1080
1711,smehtalab,168
1712,smr_foundation,2313
1713,snackbiotech,577
1714,soaresandrey,1794
1715,socalyuman,887
1716,sofisanr,125
1717,soltanimd,276
1718,somecme,207
1719,someguynameddav,85
1720,sommerconsults,189
1721,sonpavde,1667
1722,sophia_kamran,1940
1723,sophiagenetics,21817
1724,sorayamebarki_,1248
1725,sorenbentzen,1684
1726,southamptonctu,647
1727,sp4acure,1092
1728,speakjen,313
1729,spjacksongroup,2490
1730,springermeded,1588
1731,springernature,55623
1732,sqzbiotech,532
1733,sr_deshpandemd,157
1734,sreffey,456
1735,stacy_hurt,3832
1736,stage4kelly,5867
1737,stales,15716
1738,star_mcm74,211
1739,statinmed,162
1740,statnews,156976
1741,stemagno74,604
1742,stephagresta,23201
1743,stephaniemwong,398
1744,stephenvliu,7979
1745,stephlbaum,6351
1746,stern_sydney,186
1747,stigmabase,902
1748,stjuderesearch,27291
1749,stolaney1,2743
1750,stoptheclot,5895
1751,stoverlab,3530
1752,strataoncology,294
1753,stveep,576
1754,suannabruinooge,204
1755,subatomicdoc,19862
1756,subhamadhavan,1208
1757,subhaperni,722
1758,sujithonco,698
1759,sumitshahmd,757
1760,surbhisidanamd,1686
1761,surfaceoncology,794
1762,surgeonscie,209
1763,survivornetca,6168
1764,susangkomen,116879
1765,susannagreer,667
1766,suziesiegel,1745
1767,swilliams_md,1288
1768,swog,10632
1769,syedmahmedmdphd,365
1770,sylvestercancer,5779
1771,synteract,4159
1772,syntropytech,87
1773,syrospharma,1544
1774,sysmexinostics,200
1775,szusmani,5967
1776,ta_sussman,193
1777,taihooncology,207
1778,taimurshah,540
1779,taniaendru,18
1780,tanyawildes,3015
1781,taragregorymd,265
1782,tarahballinger,145
1783,taraherrmannphd,405
1784,tarekhaykal1,92
1785,targetcancer,1053
1786,targetedonc,15471
1787,taylorj_md,1944
1788,taylorprejna,117
1789,tbjulianmd,397
1790,tdorffonc,1089
1791,teacup_talk,2678
1792,teamcaptainjohn,2870
1793,teaminspire,19324
1794,teamoncology,12500
1795,teekayowo,1538
1796,tehfem,988
1797,temidayo,649
1798,temkins,1997
1799,tempuslabs,4193
1800,terencem_hughes,265
1801,teresasamaral,521
1802,terratremol66,2516
1803,terriconneran,209
1804,testiscancer,807
1805,texasoncology,2499
1806,tgeorgemd,3595
1807,tgtherapeutics,2256
1808,thalcin,402
1809,theabzlab,1738
1810,thebigordeal,732
1811,thecancerletter,21817
1812,thedrwood,37
1813,thelancet,670913
1814,thelancetoncol,42414
1815,themednet,913
1816,themixbymeeghan,730
1817,themmrf,18899
1818,thenasheffect,790
1819,thenci,197640
1820,theoncdoc,111
1821,thepcctc,1070
1822,theratraq,21
1823,thesciencepulse,3617
1824,thestephenralph,20171
1825,theswissfrank,1465
1826,theusonetwork,7082
1827,thewhyse1,26
1828,thewonkologist,3064
1829,theystorkin,185
1830,thimpar,49
1831,threadreaderapp,482700
1832,thromboadviser,12651
1833,tiansterzhang,4384
1834,tiffanyonger,274
1835,tigerlilycares,4594
1836,tigernetanya,97
1837,tihalong,47
1838,timothyjbrownmd,972
1839,tinahoyosv,32
1840,tischcancer,2035
1841,tmprowell,31959
1842,tnewsomdavis,1008
1843,todrashish,173
1844,togaanz,402
1845,tomleblancmd,4502
1846,tommyjohn00,2540
1847,tompowles1,3749
1848,tomsilver39,5225
1849,tony_calles,8928
1850,totalhealthconf,1094
1851,totr_capital,63
1852,transcendpp,24
1853,transcripltd,345
1854,trinity_delta,455
1855,trisaluslifesci,576
1856,trnsltnl,957
1857,tucker_matthewd,145
1858,tylerseville,927
1859,tyme_inc,1138
1860,uab_icos,289
1861,uccancercenter,8266
1862,uchemoncfellows,462
1863,ucsfcancer,8380
1864,ufhealthcancer,1221
1865,uic_ho_fellows,124
1866,uicancercenter,1788
1867,ulyssesg_md,165
1868,umbertomalapel1,1410
1869,umncancer,2063
1870,umrogelcancer,6354
1871,unmchemeonc,255
1872,urodocash,5924
1873,urologiaufsc,90
1874,urologieparis,2452
1875,urologytimes,18871
1876,uromigos,3284
1877,uroosaibrahim,434
1878,urotoday,17216
1879,urvishahmd,1362
1880,usc_urology,3530
1881,used2bacoleman,35
1882,utswcancer,4614
1883,utswnews,15510
1884,utswscience,284
1885,uwcarbone,4127
1886,v_banerji,504
1887,valenciahenry_,39
1888,valeriesimon,14323
1889,valsamoa,549
1890,vamsivelcheti,4322
1891,vanitanoronha,2149
1892,vanmorrismd,1184
1893,varianmedsys,8592
1894,vastratinei,128
1895,vaughtphd,73
1896,veracyte,979
1897,verastemoncolog,2490
1898,veredstearns,573
1899,versiti,422
1900,vhio,4753
1901,vidalradonc,821
1902,vilmapbarcia,341
1903,vincentmamd,54
1904,vincentrk,55210
1905,vincentwenxinxu,166
1906,vintweeta,7465
1907,viveksubbiah,11125
1908,vjhemonc,13260
1909,vjoncology,15551
1910,vkeedysarcomamd,378
1911,vkgrolmusz,40
1912,vlhess,132
1913,vonettamw,1367
1914,vprasadmdmph,79550
1915,wagsmd,93
1916,walliscjd,1727
1917,warriormegsie,3519
1918,watkinspharmd,43
1919,wbaer5,116
1920,wchildcancer,12426
1921,wcmenglanderipm,4174
1922,wcmlymphoma,1513
1923,wdavidlindsay,321
1924,wearecare,2109
1925,wearemedsir,638
1926,wearewlo,97
1927,webofscience,38064
1928,weickhardtonc,725
1929,weillcornell,34353
1930,weldeiry,8493
1931,weoncologists,12720
1932,whargreaves16,417
1933,willeystuart,5
1934,williamdale_md,5722
1935,wilmotcancer,2272
1936,winette_vdgraaf,2083
1937,winshipatemory,8426
1938,wmiwmf,372
1939,womenofteal,5489
1940,womenoncologist,5
1941,wongwingcheong,13
1942,woodard3deb,300
1943,world_adc,643
1944,writers_witty,127
1945,wroclawski_uro,2235
1946,wtrenzo,14
1947,xelamb,930
1948,xenothera,678
1949,ximejordan,1436
1950,yabdoumd,1301
1951,yaelvaron,35
1952,yalecancer,10578
1953,yalehemonc,565
1954,yasarhammor,198
1955,yekeduz_emre,328
1956,yipilimumab,416
1957,yjanjigianmd,3965
1958,ykarachaliou,61
1959,yleyfman,946
1960,ymartei,81
1961,yoh_tw,170
1962,youngoncdoc,146
1963,youngstrongdfci,2639
1964,your_lifesaver,359
1965,yourmindcanheal,768
1966,yvettedrew,163
1967,yyelamin,380
1968,yzafar,6798
1969,zaccoyne,106
1970,zackssmallcap,3969
1971,zaidar_md,264
1972,zakhariayousef,440
1973,zerobreastcancr,1315
1974,zeynepzengin,562
1975,zhangvelten,67
1976,ziadbakouny,1833
1977,zisan377,3
1978,zklaassen_md,2302
1979,zraches,56
